{"cameraMode":{"drawMode":2,"name":"Shaded Wireframe","section":"Shading Mode"},"sceneLighting":false,"audioPlay":false,"sceneViewState":{"m_AlwaysRefresh":false,"showFog":true,"showSkybox":false,"showFlares":true,"showImageEffects":true,"showParticleSystems":true,"showVisualEffectGraphs":true,"m_FxEnabled":true},"in2DMode":false,"pivot":{"x":0.42378807067871096,"y":0.06737291812896729,"z":0.029261112213134767},"rotation":{"x":0.09685711562633515,"y":0.7952205538749695,"z":-0.13192103803157807,"w":0.583830714225769},"size":1.4586836099624634,"orthographic":false}