{"cameraMode":{"drawMode":0,"name":"Shaded","section":"Shading Mode"},"sceneLighting":true,"audioPlay":false,"sceneViewState":{"m_AlwaysRefresh":false,"showFog":true,"showSkybox":true,"showFlares":true,"showImageEffects":true,"showParticleSystems":true,"showVisualEffectGraphs":true,"m_FxEnabled":true},"in2DMode":false,"pivot":{"x":27.322675704956056,"y":4.7045698165893559,"z":22.751819610595704},"rotation":{"x":-0.0276853796094656,"y":0.6506508588790894,"z":0.023934733122587205,"w":0.7585992813110352},"size":15.2357816696167,"orthographic":false}